{"stat.chestOpened":42,"stat.walkOneCm":164475,"stat.craftItem.minecraft.sign":3,"stat.useItem.minecraft.chest":19,"stat.leaveGame":3,"stat.useItem.minecraft.iron_block":24,"stat.furnaceInteraction":2,"stat.pickup.firstaid.plaster":32,"stat.useItem.minecraft.lava_bucket":7,"stat.flyOneCm":44973,"stat.useItem.cgm.workbench":7,"stat.jump":102,"stat.swimOneCm":166,"stat.playOneMinute":88666,"stat.pickup.minecraft.cooked_chicken":1,"stat.pickup.weapons_of_the_apocalypse.emptystimpack":24,"stat.useItem.minecraft.planks":14,"stat.sneakTime":118,"stat.pickup.firstaid.bandage":33,"stat.pickup.minecraft.chicken":15,"stat.crouchOneCm":379,"stat.sleepInBed":28,"stat.timeSinceDeath":88666,"stat.sprintOneCm":5557,"stat.useItem.minecraft.sign":23,"stat.useItem.minecraft.stone_slab2":108,"stat.useItem.minecraft.spawn_egg":6,"stat.craftItem.minecraft.stick":4,"stat.useItem.minecraft.water_bucket":20,"stat.craftingTableInteraction":7}