{
  "pools": [
    {
      "name": "food",
      "entries": [
        {
          "entryName": "loottweaker#1",
          "weight": 70,
          "quality": 1,
          "type": "item",
          "functions": [
            {
              "count": 1.0,
              "function": "minecraft:set_count"
            }
          ],
          "name": "weapons_of_the_apocalypse:cannedfood"
        },
        {
          "entryName": "loottweaker#5",
          "weight": 70,
          "quality": 1,
          "type": "item",
          "functions": [
            {
              "count": 1.0,
              "function": "minecraft:set_count"
            }
          ],
          "name": "weapons_of_the_apocalypse:mre"
        },
        {
          "entryName": "loottweaker#13",
          "weight": 30,
          "quality": 1,
          "type": "item",
          "functions": [
            {
              "count": 1.0,
              "function": "minecraft:set_count"
            },
            {
              "data": 9.0,
              "function": "minecraft:set_data"
            }
          ],
          "name": "simpledifficulty:juice"
        },
        {
          "entryName": "loottweaker#4",
          "weight": 70,
          "quality": 1,
          "type": "item",
          "functions": [
            {
              "count": 1.0,
              "function": "minecraft:set_count"
            }
          ],
          "name": "weapons_of_the_apocalypse:canneddogfood"
        },
        {
          "entryName": "loottweaker#3",
          "weight": 70,
          "quality": 1,
          "type": "item",
          "functions": [
            {
              "count": 1.0,
              "function": "minecraft:set_count"
            }
          ],
          "name": "weapons_of_the_apocalypse:ration"
        },
        {
          "entryName": "loottweaker#2",
          "weight": 70,
          "quality": 1,
          "type": "item",
          "functions": [
            {
              "count": 1.0,
              "function": "minecraft:set_count"
            }
          ],
          "name": "weapons_of_the_apocalypse:sardines"
        },
        {
          "entryName": "loottweaker#9",
          "weight": 30,
          "quality": 1,
          "type": "item",
          "functions": [
            {
              "count": 1.0,
              "function": "minecraft:set_count"
            },
            {
              "data": 2.0,
              "function": "minecraft:set_data"
            }
          ],
          "name": "simpledifficulty:juice"
        },
        {
          "entryName": "loottweaker#8",
          "weight": 30,
          "quality": 1,
          "type": "item",
          "functions": [
            {
              "count": 1.0,
              "function": "minecraft:set_count"
            },
            {
              "data": 1.0,
              "function": "minecraft:set_data"
            }
          ],
          "name": "simpledifficulty:juice"
        },
        {
          "entryName": "loottweaker#10",
          "weight": 30,
          "quality": 1,
          "type": "item",
          "functions": [
            {
              "count": 1.0,
              "function": "minecraft:set_count"
            },
            {
              "data": 3.0,
              "function": "minecraft:set_data"
            }
          ],
          "name": "simpledifficulty:juice"
        },
        {
          "entryName": "loottweaker#7",
          "weight": 30,
          "quality": 1,
          "type": "item",
          "functions": [
            {
              "count": 1.0,
              "function": "minecraft:set_count"
            }
          ],
          "name": "simpledifficulty:juice"
        },
        {
          "entryName": "loottweaker#11",
          "weight": 30,
          "quality": 1,
          "type": "item",
          "functions": [
            {
              "count": 1.0,
              "function": "minecraft:set_count"
            },
            {
              "data": 4.0,
              "function": "minecraft:set_data"
            }
          ],
          "name": "simpledifficulty:juice"
        },
        {
          "entryName": "loottweaker#6",
          "weight": 30,
          "quality": 1,
          "type": "item",
          "functions": [
            {
              "count": 1.0,
              "function": "minecraft:set_count"
            }
          ],
          "name": "simpledifficulty:purified_water_bottle"
        },
        {
          "entryName": "loottweaker#12",
          "weight": 30,
          "quality": 1,
          "type": "item",
          "functions": [
            {
              "count": 1.0,
              "function": "minecraft:set_count"
            },
            {
              "data": 8.0,
              "function": "minecraft:set_data"
            }
          ],
          "name": "simpledifficulty:juice"
        }
      ],
      "rolls": {
        "min": 4.0,
        "max": 13.0
      }
    }
  ]
}