{
  "pools": [
    {
      "name": "generic",
      "entries": [
        {
          "entryName": "loottweaker#28",
          "weight": 15,
          "quality": 1,
          "type": "item",
          "functions": [
            {
              "count": {
                "min": 3.0,
                "max": 9.0
              },
              "function": "minecraft:set_count"
            },
            {
              "data": 2.0,
              "function": "minecraft:set_data"
            }
          ],
          "name": "minecraft:dye"
        },
        {
          "entryName": "loottweaker#29",
          "weight": 5,
          "quality": 1,
          "type": "item",
          "functions": [
            {
              "count": {
                "min": 1.0,
                "max": 2.0
              },
              "function": "minecraft:set_count"
            }
          ],
          "name": "weapons_of_the_apocalypse:emptystimpack"
        },
        {
          "entryName": "loottweaker#24",
          "weight": 15,
          "quality": 1,
          "type": "item",
          "functions": [
            {
              "count": {
                "min": 3.0,
                "max": 9.0
              },
              "function": "minecraft:set_count"
            },
            {
              "data": 10.0,
              "function": "minecraft:set_data"
            }
          ],
          "name": "minecraft:dye"
        },
        {
          "entryName": "loottweaker#25",
          "weight": 15,
          "quality": 1,
          "type": "item",
          "functions": [
            {
              "count": {
                "min": 3.0,
                "max": 9.0
              },
              "function": "minecraft:set_count"
            },
            {
              "data": 6.0,
              "function": "minecraft:set_data"
            }
          ],
          "name": "minecraft:dye"
        },
        {
          "entryName": "loottweaker#26",
          "weight": 15,
          "quality": 1,
          "type": "item",
          "functions": [
            {
              "count": {
                "min": 3.0,
                "max": 9.0
              },
              "function": "minecraft:set_count"
            },
            {
              "data": 12.0,
              "function": "minecraft:set_data"
            }
          ],
          "name": "minecraft:dye"
        },
        {
          "entryName": "loottweaker#27",
          "weight": 15,
          "quality": 1,
          "type": "item",
          "functions": [
            {
              "count": {
                "min": 3.0,
                "max": 9.0
              },
              "function": "minecraft:set_count"
            },
            {
              "data": 13.0,
              "function": "minecraft:set_data"
            }
          ],
          "name": "minecraft:dye"
        },
        {
          "entryName": "loottweaker#20",
          "weight": 15,
          "quality": 1,
          "type": "item",
          "functions": [
            {
              "count": {
                "min": 3.0,
                "max": 9.0
              },
              "function": "minecraft:set_count"
            }
          ],
          "name": "biomesoplenty:ash"
        },
        {
          "entryName": "loottweaker#21",
          "weight": 15,
          "quality": 1,
          "type": "item",
          "functions": [
            {
              "count": {
                "min": 3.0,
                "max": 9.0
              },
              "function": "minecraft:set_count"
            },
            {
              "data": 1.0,
              "function": "minecraft:set_data"
            }
          ],
          "name": "minecraft:dye"
        },
        {
          "entryName": "loottweaker#22",
          "weight": 15,
          "quality": 1,
          "type": "item",
          "functions": [
            {
              "count": {
                "min": 3.0,
                "max": 9.0
              },
              "function": "minecraft:set_count"
            },
            {
              "data": 14.0,
              "function": "minecraft:set_data"
            }
          ],
          "name": "minecraft:dye"
        },
        {
          "entryName": "loottweaker#23",
          "weight": 15,
          "quality": 1,
          "type": "item",
          "functions": [
            {
              "count": {
                "min": 3.0,
                "max": 9.0
              },
              "function": "minecraft:set_count"
            },
            {
              "data": 11.0,
              "function": "minecraft:set_data"
            }
          ],
          "name": "minecraft:dye"
        },
        {
          "entryName": "loottweaker#30",
          "weight": 5,
          "quality": 1,
          "type": "item",
          "functions": [
            {
              "count": {
                "min": 1.0,
                "max": 2.0
              },
              "function": "minecraft:set_count"
            }
          ],
          "name": "realistictorches:torch_unlit"
        },
        {
          "entryName": "loottweaker#39",
          "weight": 3,
          "quality": 1,
          "type": "item",
          "functions": [
            {
              "count": 1.0,
              "function": "minecraft:set_count"
            }
          ],
          "name": "weapons_of_the_apocalypse:steelhatchet"
        },
        {
          "entryName": "loottweaker#35",
          "weight": 5,
          "quality": 1,
          "type": "item",
          "functions": [
            {
              "count": {
                "min": 1.0,
                "max": 2.0
              },
              "function": "minecraft:set_count"
            }
          ],
          "name": "simpledifficulty:charcoal_filter"
        },
        {
          "entryName": "loottweaker#36",
          "weight": 5,
          "quality": 1,
          "type": "item",
          "functions": [
            {
              "count": {
                "min": 1.0,
                "max": 2.0
              },
              "function": "minecraft:set_count"
            }
          ],
          "name": "realistictorches:matchbox"
        },
        {
          "entryName": "loottweaker#37",
          "weight": 5,
          "quality": 1,
          "type": "item",
          "functions": [
            {
              "count": {
                "min": 1.0,
                "max": 2.0
              },
              "function": "minecraft:set_count"
            }
          ],
          "name": "minecraft:arrow"
        },
        {
          "entryName": "loottweaker#38",
          "weight": 5,
          "quality": 1,
          "type": "item",
          "functions": [
            {
              "count": {
                "min": 1.0,
                "max": 2.0
              },
              "function": "minecraft:set_count"
            },
            {
              "data": 60.0,
              "function": "minecraft:set_data"
            }
          ],
          "name": "techguns:itemshared"
        },
        {
          "entryName": "loottweaker#31",
          "weight": 5,
          "quality": 1,
          "type": "item",
          "functions": [
            {
              "count": {
                "min": 1.0,
                "max": 2.0
              },
              "function": "minecraft:set_count"
            }
          ],
          "name": "minecraft:book"
        },
        {
          "entryName": "loottweaker#32",
          "weight": 5,
          "quality": 1,
          "type": "item",
          "functions": [
            {
              "count": {
                "min": 1.0,
                "max": 2.0
              },
              "function": "minecraft:set_count"
            }
          ],
          "name": "minecraft:glass_bottle"
        },
        {
          "entryName": "loottweaker#33",
          "weight": 5,
          "quality": 1,
          "type": "item",
          "functions": [
            {
              "count": {
                "min": 1.0,
                "max": 2.0
              },
              "function": "minecraft:set_count"
            }
          ],
          "name": "minecraft:bucket"
        },
        {
          "entryName": "loottweaker#34",
          "weight": 5,
          "quality": 1,
          "type": "item",
          "functions": [
            {
              "count": {
                "min": 1.0,
                "max": 2.0
              },
              "function": "minecraft:set_count"
            }
          ],
          "name": "minecraft:flint_and_steel"
        },
        {
          "entryName": "loottweaker#40",
          "weight": 3,
          "quality": 1,
          "type": "item",
          "functions": [
            {
              "count": 1.0,
              "function": "minecraft:set_count"
            }
          ],
          "name": "weapons_of_the_apocalypse:tireiron"
        },
        {
          "entryName": "loottweaker#41",
          "weight": 3,
          "quality": 1,
          "type": "item",
          "functions": [
            {
              "count": 1.0,
              "function": "minecraft:set_count"
            }
          ],
          "name": "weapons_of_the_apocalypse:fireaxe"
        },
        {
          "entryName": "loottweaker#1",
          "weight": 28,
          "quality": 1,
          "type": "item",
          "functions": [
            {
              "count": {
                "min": 1.0,
                "max": 3.0
              },
              "function": "minecraft:set_count"
            }
          ],
          "name": "weapons_of_the_apocalypse:cannedfood"
        },
        {
          "entryName": "loottweaker#46",
          "weight": 3,
          "quality": 1,
          "type": "item",
          "functions": [
            {
              "count": 1.0,
              "function": "minecraft:set_count"
            }
          ],
          "name": "minecraft:bow"
        },
        {
          "entryName": "loottweaker#47",
          "weight": 3,
          "quality": 1,
          "type": "item",
          "functions": [
            {
              "count": 1.0,
              "function": "minecraft:set_count"
            }
          ],
          "name": "weapons_of_the_apocalypse:baton"
        },
        {
          "entryName": "loottweaker#48",
          "weight": 3,
          "quality": 1,
          "type": "item",
          "functions": [
            {
              "count": 1.0,
              "function": "minecraft:set_count"
            }
          ],
          "name": "weapons_of_the_apocalypse:juicer"
        },
        {
          "entryName": "loottweaker#49",
          "weight": 3,
          "quality": 1,
          "type": "item",
          "functions": [
            {
              "count": 1.0,
              "function": "minecraft:set_count"
            }
          ],
          "name": "weapons_of_the_apocalypse:cleaver"
        },
        {
          "entryName": "loottweaker#42",
          "weight": 3,
          "quality": 1,
          "type": "item",
          "functions": [
            {
              "count": 1.0,
              "function": "minecraft:set_count"
            }
          ],
          "name": "weapons_of_the_apocalypse:baseballbat"
        },
        {
          "entryName": "loottweaker#43",
          "weight": 3,
          "quality": 1,
          "type": "item",
          "functions": [
            {
              "count": 1.0,
              "function": "minecraft:set_count"
            }
          ],
          "name": "weapons_of_the_apocalypse:golfclub"
        },
        {
          "entryName": "loottweaker#44",
          "weight": 3,
          "quality": 1,
          "type": "item",
          "functions": [
            {
              "count": 1.0,
              "function": "minecraft:set_count"
            }
          ],
          "name": "weapons_of_the_apocalypse:machete"
        },
        {
          "entryName": "loottweaker#45",
          "weight": 3,
          "quality": 1,
          "type": "item",
          "functions": [
            {
              "count": 1.0,
              "function": "minecraft:set_count"
            }
          ],
          "name": "weapons_of_the_apocalypse:steelpipe"
        },
        {
          "entryName": "loottweaker#50",
          "weight": 3,
          "quality": 1,
          "type": "item",
          "functions": [
            {
              "count": 1.0,
              "function": "minecraft:set_count"
            }
          ],
          "name": "weapons_of_the_apocalypse:tacticalshovel"
        },
        {
          "entryName": "loottweaker#51",
          "weight": 3,
          "quality": 1,
          "type": "item",
          "functions": [
            {
              "count": 1.0,
              "function": "minecraft:set_count"
            }
          ],
          "name": "spartanshields:shield_basic_stone"
        },
        {
          "entryName": "loottweaker#52",
          "weight": 3,
          "quality": 1,
          "type": "item",
          "functions": [
            {
              "count": 1.0,
              "function": "minecraft:set_count"
            }
          ],
          "name": "spartanshields:shield_basic_iron"
        },
        {
          "entryName": "loottweaker#17",
          "weight": 15,
          "quality": 1,
          "type": "item",
          "functions": [
            {
              "count": {
                "min": 3.0,
                "max": 9.0
              },
              "function": "minecraft:set_count"
            }
          ],
          "name": "foodfunk:rotten_food"
        },
        {
          "entryName": "loottweaker#18",
          "weight": 15,
          "quality": 1,
          "type": "item",
          "functions": [
            {
              "count": {
                "min": 3.0,
                "max": 9.0
              },
              "function": "minecraft:set_count"
            }
          ],
          "name": "foodfunk:rotted_item"
        },
        {
          "entryName": "loottweaker#19",
          "weight": 15,
          "quality": 1,
          "type": "item",
          "functions": [
            {
              "count": {
                "min": 3.0,
                "max": 9.0
              },
              "function": "minecraft:set_count"
            }
          ],
          "name": "foodfunk:biodegradable_item"
        },
        {
          "entryName": "loottweaker#5",
          "weight": 28,
          "quality": 1,
          "type": "item",
          "functions": [
            {
              "count": {
                "min": 1.0,
                "max": 3.0
              },
              "function": "minecraft:set_count"
            }
          ],
          "name": "weapons_of_the_apocalypse:mre"
        },
        {
          "entryName": "loottweaker#13",
          "weight": 25,
          "quality": 1,
          "type": "item",
          "functions": [
            {
              "count": {
                "min": 1.0,
                "max": 4.0
              },
              "function": "minecraft:set_count"
            }
          ],
          "name": "weapons_of_the_apocalypse:nails"
        },
        {
          "entryName": "loottweaker#57",
          "weight": 6,
          "quality": 1,
          "type": "item",
          "functions": [
            {
              "count": 1.0,
              "function": "minecraft:set_count"
            },
            {
              "data": 1.0,
              "function": "minecraft:set_data"
            }
          ],
          "name": "techguns:itemshared"
        },
        {
          "entryName": "loottweaker#4",
          "weight": 28,
          "quality": 1,
          "type": "item",
          "functions": [
            {
              "count": {
                "min": 1.0,
                "max": 3.0
              },
              "function": "minecraft:set_count"
            }
          ],
          "name": "weapons_of_the_apocalypse:canneddogfood"
        },
        {
          "entryName": "loottweaker#14",
          "weight": 25,
          "quality": 1,
          "type": "item",
          "functions": [
            {
              "count": {
                "min": 1.0,
                "max": 4.0
              },
              "function": "minecraft:set_count"
            }
          ],
          "name": "weapons_of_the_apocalypse:glue"
        },
        {
          "entryName": "loottweaker#3",
          "weight": 28,
          "quality": 1,
          "type": "item",
          "functions": [
            {
              "count": {
                "min": 1.0,
                "max": 3.0
              },
              "function": "minecraft:set_count"
            }
          ],
          "name": "weapons_of_the_apocalypse:ration"
        },
        {
          "entryName": "loottweaker#15",
          "weight": 25,
          "quality": 1,
          "type": "item",
          "functions": [
            {
              "count": {
                "min": 1.0,
                "max": 4.0
              },
              "function": "minecraft:set_count"
            }
          ],
          "name": "weapons_of_the_apocalypse:cloth"
        },
        {
          "entryName": "loottweaker#2",
          "weight": 28,
          "quality": 1,
          "type": "item",
          "functions": [
            {
              "count": {
                "min": 1.0,
                "max": 3.0
              },
              "function": "minecraft:set_count"
            }
          ],
          "name": "weapons_of_the_apocalypse:sardines"
        },
        {
          "entryName": "loottweaker#16",
          "weight": 25,
          "quality": 1,
          "type": "item",
          "functions": [
            {
              "count": {
                "min": 1.0,
                "max": 4.0
              },
              "function": "minecraft:set_count"
            }
          ],
          "name": "weapons_of_the_apocalypse:ducttape"
        },
        {
          "entryName": "loottweaker#9",
          "weight": 8,
          "quality": 1,
          "type": "item",
          "functions": [
            {
              "count": {
                "min": 1.0,
                "max": 2.0
              },
              "function": "minecraft:set_count"
            }
          ],
          "name": "weapons_of_the_apocalypse:stimpack"
        },
        {
          "entryName": "loottweaker#53",
          "weight": 3,
          "quality": 1,
          "type": "item",
          "functions": [
            {
              "count": 1.0,
              "function": "minecraft:set_count"
            }
          ],
          "name": "spartanshields:shield_tower_stone"
        },
        {
          "entryName": "loottweaker#8",
          "weight": 8,
          "quality": 1,
          "type": "item",
          "functions": [
            {
              "count": {
                "min": 1.0,
                "max": 2.0
              },
              "function": "minecraft:set_count"
            }
          ],
          "name": "firstaid:plaster"
        },
        {
          "entryName": "loottweaker#10",
          "weight": 10,
          "quality": 1,
          "type": "item",
          "functions": [
            {
              "count": {
                "min": 1.0,
                "max": 2.0
              },
              "function": "minecraft:set_count"
            }
          ],
          "name": "weapons_of_the_apocalypse:emptycan"
        },
        {
          "entryName": "loottweaker#54",
          "weight": 3,
          "quality": 1,
          "type": "item",
          "functions": [
            {
              "count": 1.0,
              "function": "minecraft:set_count"
            }
          ],
          "name": "spartanshields:shield_tower_iron"
        },
        {
          "entryName": "loottweaker#7",
          "weight": 8,
          "quality": 1,
          "type": "item",
          "functions": [
            {
              "count": {
                "min": 1.0,
                "max": 2.0
              },
              "function": "minecraft:set_count"
            }
          ],
          "name": "firstaid:morphine"
        },
        {
          "entryName": "loottweaker#11",
          "weight": 10,
          "quality": 1,
          "type": "item",
          "functions": [
            {
              "count": {
                "min": 1.0,
                "max": 2.0
              },
              "function": "minecraft:set_count"
            }
          ],
          "name": "minecraft:iron_nugget"
        },
        {
          "entryName": "loottweaker#55",
          "weight": 3,
          "quality": 1,
          "type": "item",
          "functions": [
            {
              "count": 1.0,
              "function": "minecraft:set_count"
            }
          ],
          "name": "betterwithmods:composite_bow"
        },
        {
          "entryName": "loottweaker#6",
          "weight": 8,
          "quality": 1,
          "type": "item",
          "functions": [
            {
              "count": {
                "min": 1.0,
                "max": 2.0
              },
              "function": "minecraft:set_count"
            }
          ],
          "name": "firstaid:bandage"
        },
        {
          "entryName": "loottweaker#12",
          "weight": 10,
          "quality": 1,
          "type": "item",
          "functions": [
            {
              "count": {
                "min": 1.0,
                "max": 2.0
              },
              "function": "minecraft:set_count"
            }
          ],
          "name": "minecraft:gunpowder"
        },
        {
          "entryName": "loottweaker#56",
          "weight": 6,
          "quality": 1,
          "type": "item",
          "functions": [
            {
              "count": 1.0,
              "function": "minecraft:set_count"
            },
            {
              "data": 12.0,
              "function": "minecraft:set_data"
            }
          ],
          "name": "techguns:itemshared"
        }
      ],
      "rolls": {
        "min": 2.0,
        "max": 9.0
      }
    }
  ]
}