{
  "pools": [
    {
      "name": "handgun",
      "entries": [
        {
          "entryName": "loottweaker#1",
          "weight": 20,
          "quality": 1,
          "type": "item",
          "functions": [
            {
              "count": 1.0,
              "function": "minecraft:set_count"
            },
            {
              "tag": "{ammo:0}",
              "function": "minecraft:set_nbt"
            }
          ],
          "name": "techguns:revolver"
        },
        {
          "entryName": "loottweaker#5",
          "weight": 70,
          "quality": 1,
          "type": "item",
          "functions": [
            {
              "count": {
                "min": 1.0,
                "max": 3.0
              },
              "function": "minecraft:set_count"
            },
            {
              "data": 1.0,
              "function": "minecraft:set_data"
            }
          ],
          "name": "techguns:itemshared"
        },
        {
          "entryName": "loottweaker#4",
          "weight": 70,
          "quality": 1,
          "type": "item",
          "functions": [
            {
              "count": {
                "min": 1.0,
                "max": 3.0
              },
              "function": "minecraft:set_count"
            },
            {
              "data": 12.0,
              "function": "minecraft:set_data"
            }
          ],
          "name": "techguns:itemshared"
        },
        {
          "entryName": "loottweaker#3",
          "weight": 20,
          "quality": 1,
          "type": "item",
          "functions": [
            {
              "count": 1.0,
              "function": "minecraft:set_count"
            },
            {
              "tag": "{ammo:0}",
              "function": "minecraft:set_nbt"
            }
          ],
          "name": "techguns:pistol"
        },
        {
          "entryName": "loottweaker#2",
          "weight": 20,
          "quality": 1,
          "type": "item",
          "functions": [
            {
              "count": 1.0,
              "function": "minecraft:set_count"
            },
            {
              "tag": "{ammo:0}",
              "function": "minecraft:set_nbt"
            }
          ],
          "name": "techguns:goldenrevolver"
        },
        {
          "entryName": "loottweaker#7",
          "weight": 10,
          "quality": 1,
          "type": "item",
          "functions": [
            {
              "count": {
                "min": 1.0,
                "max": 3.0
              },
              "function": "minecraft:set_count"
            }
          ],
          "name": "techguns:fraggrenade"
        },
        {
          "entryName": "loottweaker#6",
          "weight": 10,
          "quality": 1,
          "type": "item",
          "functions": [
            {
              "count": {
                "min": 1.0,
                "max": 3.0
              },
              "function": "minecraft:set_count"
            }
          ],
          "name": "techguns:stielgranate"
        }
      ],
      "rolls": {
        "min": 3.0,
        "max": 7.0
      }
    }
  ]
}