{
	"credit": "Made by SuperMoris using Blockbench",
	"textures": {
		"0": "blocks/wheat_stage_7",
		"particle": "blocks/wheat_particle"
	},
	"elements": [
		{
			"from": [4, -1, 1],
			"to": [4, 20, 17],
			"faces": {
				"north": {"uv": [0, 0, 0, 16], "texture": "#0"},
				"east": {"uv": [0, 0, 8, 10.5], "texture": "#0"},
				"south": {"uv": [0, 0, 0, 16], "texture": "#0"},
				"west": {"uv": [0, 0, 8, 10.5], "texture": "#0"},
				"up": {"uv": [0, 0, 0, 16], "texture": "#0"},
				"down": {"uv": [0, 0, 0, 16], "texture": "#0"}
			}
		},
		{
			"from": [2, -1, 7],
			"to": [18, 20, 7],
			"faces": {
				"north": {"uv": [0, 0, 8, 10.5], "texture": "#0"},
				"east": {"uv": [0, 0, 0, 16], "texture": "#0"},
				"south": {"uv": [0, 0, 8, 10.5], "texture": "#0"},
				"west": {"uv": [0, 0, 0, 16], "texture": "#0"},
				"up": {"uv": [0, 0, 16, 0], "texture": "#0"},
				"down": {"uv": [0, 0, 16, 0], "texture": "#0"}
			}
		},
		{
			"from": [0, -1, 11],
			"to": [16, 20, 11],
			"faces": {
				"north": {"uv": [0, 0, 8, 10.5], "texture": "#0"},
				"east": {"uv": [0, 0, 0, 16], "texture": "#0"},
				"south": {"uv": [0, 0, 8, 10.5], "texture": "#0"},
				"west": {"uv": [0, 0, 0, 16], "texture": "#0"},
				"up": {"uv": [0, 0, 16, 0], "texture": "#0"},
				"down": {"uv": [0, 0, 16, 0], "texture": "#0"}
			}
		},
		{
			"from": [0, -1, 4],
			"to": [16, 20, 4],
			"faces": {
				"north": {"uv": [0, 0, 8, 10.5], "texture": "#0"},
				"east": {"uv": [0, 0, 0, 16], "texture": "#0"},
				"south": {"uv": [0, 0, 8, 10.5], "texture": "#0"},
				"west": {"uv": [0, 0, 0, 16], "texture": "#0"},
				"up": {"uv": [0, 0, 16, 0], "texture": "#0"},
				"down": {"uv": [0, 0, 16, 0], "texture": "#0"}
			}
		},
		{
			"from": [8, -1, -1],
			"to": [8, 20, 15],
			"rotation": {"angle": 45, "axis": "y", "origin": [10, 9.5, 7]},
			"faces": {
				"north": {"uv": [0, 0, 0, 16], "texture": "#0"},
				"east": {"uv": [0, 0, 8, 10.5], "texture": "#0"},
				"south": {"uv": [0, 0, 0, 16], "texture": "#0"},
				"west": {"uv": [0, 0, 8, 10.5], "texture": "#0"},
				"up": {"uv": [0, 0, 16, 0], "rotation": 270, "texture": "#0"},
				"down": {"uv": [0, 0, 16, 0], "rotation": 90, "texture": "#0"}
			}
		},
		{
			"from": [10, -1, 1],
			"to": [10, 20, 17],
			"faces": {
				"north": {"uv": [0, 0, 0, 16], "texture": "#0"},
				"east": {"uv": [0, 0, 8, 10.5], "texture": "#0"},
				"south": {"uv": [0, 0, 0, 16], "texture": "#0"},
				"west": {"uv": [0, 0, 8, 10.5], "texture": "#0"},
				"up": {"uv": [0, 0, 0, 16], "texture": "#0"},
				"down": {"uv": [0, 0, 0, 16], "texture": "#0"}
			}
		}
	],
	"groups": [
		{
			"name": "3",
			"children": [
				{
					"name": "0",
					"children": [
						{
							"name": "wheat_stage7",
							"children": [0, 1, 2, 3, 4, 5]
						}
					]
				}
			]
		}
	]
}
