{"stat.leaveGame":24,"stat.mineBlock.minecraft.cobblestone":26,"stat.drop.techguns.tfg":1,"stat.craftItem.techguns.t1_combat_leggings":4,"stat.pickup.techguns.sawedoff":1,"stat.pickup.minecraft.leather_chestplate":1,"stat.killEntity.techguns.AttackHelicopter":1,"stat.swimOneCm":54,"stat.climbOneCm":745,"stat.killEntity.techguns.StormTrooper":1,"stat.useItem.minecraft.stone_slab2":53,"stat.pickup.minecraft.iron_boots":1,"stat.craftItem.antiqueatlas.empty_antique_atlas":1,"stat.pickup.animalium.wild_dog_pelt":1,"stat.killEntity.bear":19,"stat.pickup.animalium.rat_meat":1,"stat.pickup.techguns.m4_infiltrator":1,"stat.pickup.minecraft.leather_boots":1,"stat.pickup.animalium.bear_meat":5,"stat.pickup.minecraft.diamond_leggings":1,"stat.flyOneCm":1185158,"stat.craftItem.techguns.handcannon":1,"stat.killEntity.techguns.ZombieFarmer":1,"stat.killEntity.Villager":1,"stat.pickup.minecraft.redstone":4,"stat.timeSinceDeath":104308,"stat.pickup.betterwithmods.steel_pants":1,"stat.useItem.minecraft.spawn_egg":53,"stat.craftItem.betterwithmods.steel_helmet":1,"stat.pickup.minecraft.mutton":5,"stat.killEntity.techguns.SkeletonSoldier":1,"stat.furnaceInteraction":2,"stat.entityKilledBy.bear":1,"stat.useItem.techguns.miningdrill":8,"stat.craftItem.minecraft.leather_helmet":6,"stat.craftItem.techguns.t2_riot_chestplate":10,"stat.killEntity.rat":26,"stat.pickup.minecraft.leather_helmet":1,"stat.sprintOneCm":62202,"stat.killEntity.betteranimalsplus.pheasant":9,"stat.craftItem.techguns.m4":2,"stat.pickup.minecraft.iron_chestplate":1,"stat.killEntity.techguns.CyberDemon":1,"stat.pickup.techguns.t1_miner_leggings":1,"stat.pickup.minecraft.diamond_chestplate":1,"stat.pickup.minecraft.leather_leggings":1,"stat.pickup.minecraft.spawn_egg":5,"stat.deaths":4,"stat.drop":4,"stat.pickup.techguns.t2_riot_chestplate":1,"stat.playOneMinute":811167,"stat.pickup.techguns.handcannon":1,"stat.killEntity.Sheep":17,"stat.pickup.betterwithmods.mystery_meat":1,"stat.killEntity.techguns.SuperMutantBasic":1,"stat.pickup.techguns.t1_scout_boots":1,"stat.killEntity.Zombie":1,"stat.drop.minecraft.glass_bottle":1,"stat.chestOpened":395,"stat.killEntity.techguns.PsychoSteve":1,"stat.pickup.techguns.m4":1,"stat.useItem.minecraft.glass_bottle":5,"stat.pickup.betterwithmods.steel_boots":1,"stat.pickup.techguns.t2_riot_boots":1,"stat.useItem.weapons_of_the_apocalypse.stimpack":20,"stat.useItem.minecraft.potion":4,"stat.jump":216,"stat.pickup.techguns.nightvisiongoggles":3,"stat.pickup.minecraft.iron_helmet":1,"stat.fallOneCm":21918,"stat.pickup.minecraft.iron_ingot":2,"stat.pickup.betterwithmods.material":1,"stat.pickup.animalium.bear_claw":5,"stat.crouchOneCm":1184,"stat.pickup.techguns.t2_riot_leggings":1,"stat.pickup.betterwithmods.steel_helmet":1,"stat.pickup.minecraft.dirt":3,"stat.killEntity.techguns.ZombiePoliceman":7,"stat.killEntity.techguns.ArmySoldier":1,"stat.drop.minecraft.bed":1,"stat.craftingTableInteraction":31,"stat.pickup.techguns.revolver":1,"stat.mineBlock.minecraft.glass_pane":2,"stat.killEntity.techguns.Bandit":1,"stat.mineBlock.minecraft.stone_stairs":1,"stat.damageTaken":1894,"stat.pickup.minecraft.leather":1,"stat.killEntity.techguns.ZombieMiner":5,"stat.killEntity.techguns.Outcast":1,"stat.craftItem.techguns.chainsaw":1,"stat.pickup.minecraft.iron_leggings":1,"stat.craftItem.minecraft.netherbrick":3,"stat.pickup.minecraft.wheat_seeds":2,"stat.useItem.techguns.concrete":4,"stat.pickup.techguns.t1_miner_chestplate":1,"stat.damageDealt":823,"stat.sleepInBed":1,"stat.killEntity.Cow":1,"stat.mineBlock.minecraft.dirt":2,"stat.killEntity.techguns.SuperMutantElite":1,"stat.drop.techguns.itemshared":1,"stat.killEntity.techguns.DictatorDave":3,"stat.pickup.techguns.itemshared":66,"stat.walkOneCm":462736,"stat.pickup.techguns.t1_miner_boots":1,"stat.craftItem.techguns.t1_scout_chestplate":3,"stat.killEntity.techguns.SuperMutantHeavy":1,"stat.pickup.techguns.t2_combat_boots":1,"stat.pickup.techguns.goldenrevolver":1,"stat.pickup.betteranimalsplus.pheasantraw":1,"stat.pickup.minecraft.ladder":3,"stat.pickup.minecraft.gold_ingot":1,"stat.killEntity.wild_dog":42,"stat.craftItem.techguns.itemshared":44,"stat.pickup.betterwithmods.steel_chest":1,"stat.pickup.techguns.t2_riot_helmet":1,"stat.killEntity.Chicken":1,"stat.killEntity.techguns.AlienBug":2,"stat.pickup.minecraft.diamond_helmet":1,"stat.pickup.techguns.pistol":2,"stat.mobKills":151,"stat.pickup.minecraft.diamond_boots":1,"stat.sneakTime":657,"stat.pickup.minecraft.wool":9,"stat.killEntity.techguns.Commando":2,"stat.pickup.techguns.t3_power_leggings":2}