{
  "pools": [
    {
      "name": "generic",
      "entries": [
        {
          "entryName": "loottweaker#1",
          "weight": 35,
          "quality": 1,
          "type": "item",
          "functions": [
            {
              "count": {
                "min": 1.0,
                "max": 3.0
              },
              "function": "minecraft:set_count"
            }
          ],
          "name": "weapons_of_the_apocalypse:cannedfood"
        },
        {
          "entryName": "loottweaker#28",
          "weight": 5,
          "quality": 1,
          "type": "item",
          "functions": [
            {
              "count": 1.0,
              "function": "minecraft:set_count"
            }
          ],
          "name": "weapons_of_the_apocalypse:baseballbat"
        },
        {
          "entryName": "loottweaker#29",
          "weight": 5,
          "quality": 1,
          "type": "item",
          "functions": [
            {
              "count": 1.0,
              "function": "minecraft:set_count"
            }
          ],
          "name": "weapons_of_the_apocalypse:golfclub"
        },
        {
          "entryName": "loottweaker#24",
          "weight": 20,
          "quality": 1,
          "type": "item",
          "functions": [
            {
              "count": {
                "min": 3.0,
                "max": 6.0
              },
              "function": "minecraft:set_count"
            }
          ],
          "name": "minecraft:book"
        },
        {
          "entryName": "loottweaker#25",
          "weight": 5,
          "quality": 1,
          "type": "item",
          "functions": [
            {
              "count": 1.0,
              "function": "minecraft:set_count"
            }
          ],
          "name": "weapons_of_the_apocalypse:steelhatchet"
        },
        {
          "entryName": "loottweaker#26",
          "weight": 5,
          "quality": 1,
          "type": "item",
          "functions": [
            {
              "count": 1.0,
              "function": "minecraft:set_count"
            }
          ],
          "name": "weapons_of_the_apocalypse:tireiron"
        },
        {
          "entryName": "loottweaker#27",
          "weight": 5,
          "quality": 1,
          "type": "item",
          "functions": [
            {
              "count": 1.0,
              "function": "minecraft:set_count"
            }
          ],
          "name": "weapons_of_the_apocalypse:fireaxe"
        },
        {
          "entryName": "loottweaker#20",
          "weight": 20,
          "quality": 1,
          "type": "item",
          "functions": [
            {
              "count": {
                "min": 3.0,
                "max": 6.0
              },
              "function": "minecraft:set_count"
            }
          ],
          "name": "foodfunk:rotted_item"
        },
        {
          "entryName": "loottweaker#21",
          "weight": 20,
          "quality": 1,
          "type": "item",
          "functions": [
            {
              "count": {
                "min": 3.0,
                "max": 6.0
              },
              "function": "minecraft:set_count"
            }
          ],
          "name": "foodfunk:biodegradable_item"
        },
        {
          "entryName": "loottweaker#22",
          "weight": 20,
          "quality": 1,
          "type": "item",
          "functions": [
            {
              "count": {
                "min": 3.0,
                "max": 6.0
              },
              "function": "minecraft:set_count"
            }
          ],
          "name": "biomesoplenty:ash"
        },
        {
          "entryName": "loottweaker#23",
          "weight": 20,
          "quality": 1,
          "type": "item",
          "functions": [
            {
              "count": {
                "min": 3.0,
                "max": 6.0
              },
              "function": "minecraft:set_count"
            }
          ],
          "name": "weapons_of_the_apocalypse:emptystimpack"
        },
        {
          "entryName": "loottweaker#30",
          "weight": 5,
          "quality": 1,
          "type": "item",
          "functions": [
            {
              "count": 1.0,
              "function": "minecraft:set_count"
            }
          ],
          "name": "weapons_of_the_apocalypse:machete"
        },
        {
          "entryName": "loottweaker#17",
          "weight": 20,
          "quality": 1,
          "type": "item",
          "functions": [
            {
              "count": {
                "min": 1.0,
                "max": 3.0
              },
              "function": "minecraft:set_count"
            }
          ],
          "name": "weapons_of_the_apocalypse:ducttape"
        },
        {
          "entryName": "loottweaker#18",
          "weight": 20,
          "quality": 1,
          "type": "item",
          "functions": [
            {
              "count": {
                "min": 1.0,
                "max": 3.0
              },
              "function": "minecraft:set_count"
            }
          ],
          "name": "realistictorches:matchbox"
        },
        {
          "entryName": "loottweaker#19",
          "weight": 20,
          "quality": 1,
          "type": "item",
          "functions": [
            {
              "count": {
                "min": 3.0,
                "max": 6.0
              },
              "function": "minecraft:set_count"
            }
          ],
          "name": "foodfunk:rotten_food"
        },
        {
          "entryName": "loottweaker#5",
          "weight": 35,
          "quality": 1,
          "type": "item",
          "functions": [
            {
              "count": {
                "min": 1.0,
                "max": 3.0
              },
              "function": "minecraft:set_count"
            }
          ],
          "name": "weapons_of_the_apocalypse:mre"
        },
        {
          "entryName": "loottweaker#13",
          "weight": 20,
          "quality": 1,
          "type": "item",
          "functions": [
            {
              "count": {
                "min": 1.0,
                "max": 3.0
              },
              "function": "minecraft:set_count"
            }
          ],
          "name": "weapons_of_the_apocalypse:nails"
        },
        {
          "entryName": "loottweaker#35",
          "weight": 5,
          "quality": 1,
          "type": "item",
          "functions": [
            {
              "count": 1.0,
              "function": "minecraft:set_count"
            }
          ],
          "name": "weapons_of_the_apocalypse:cleaver"
        },
        {
          "entryName": "loottweaker#4",
          "weight": 35,
          "quality": 1,
          "type": "item",
          "functions": [
            {
              "count": {
                "min": 1.0,
                "max": 3.0
              },
              "function": "minecraft:set_count"
            }
          ],
          "name": "weapons_of_the_apocalypse:canneddogfood"
        },
        {
          "entryName": "loottweaker#14",
          "weight": 20,
          "quality": 1,
          "type": "item",
          "functions": [
            {
              "count": {
                "min": 1.0,
                "max": 3.0
              },
              "function": "minecraft:set_count"
            }
          ],
          "name": "weapons_of_the_apocalypse:glue"
        },
        {
          "entryName": "loottweaker#36",
          "weight": 5,
          "quality": 1,
          "type": "item",
          "functions": [
            {
              "count": 1.0,
              "function": "minecraft:set_count"
            }
          ],
          "name": "weapons_of_the_apocalypse:tacticalshovel"
        },
        {
          "entryName": "loottweaker#3",
          "weight": 35,
          "quality": 1,
          "type": "item",
          "functions": [
            {
              "count": {
                "min": 1.0,
                "max": 3.0
              },
              "function": "minecraft:set_count"
            }
          ],
          "name": "weapons_of_the_apocalypse:ration"
        },
        {
          "entryName": "loottweaker#15",
          "weight": 20,
          "quality": 1,
          "type": "item",
          "functions": [
            {
              "count": {
                "min": 1.0,
                "max": 3.0
              },
              "function": "minecraft:set_count"
            }
          ],
          "name": "minecraft:arrow"
        },
        {
          "entryName": "loottweaker#2",
          "weight": 35,
          "quality": 1,
          "type": "item",
          "functions": [
            {
              "count": {
                "min": 1.0,
                "max": 3.0
              },
              "function": "minecraft:set_count"
            }
          ],
          "name": "weapons_of_the_apocalypse:sardines"
        },
        {
          "entryName": "loottweaker#16",
          "weight": 20,
          "quality": 1,
          "type": "item",
          "functions": [
            {
              "count": {
                "min": 1.0,
                "max": 3.0
              },
              "function": "minecraft:set_count"
            }
          ],
          "name": "weapons_of_the_apocalypse:cloth"
        },
        {
          "entryName": "loottweaker#9",
          "weight": 10,
          "quality": 1,
          "type": "item",
          "functions": [
            {
              "count": {
                "min": 1.0,
                "max": 2.0
              },
              "function": "minecraft:set_count"
            }
          ],
          "name": "weapons_of_the_apocalypse:stimpack"
        },
        {
          "entryName": "loottweaker#31",
          "weight": 5,
          "quality": 1,
          "type": "item",
          "functions": [
            {
              "count": 1.0,
              "function": "minecraft:set_count"
            }
          ],
          "name": "weapons_of_the_apocalypse:steelpipe"
        },
        {
          "entryName": "loottweaker#8",
          "weight": 10,
          "quality": 1,
          "type": "item",
          "functions": [
            {
              "count": {
                "min": 1.0,
                "max": 2.0
              },
              "function": "minecraft:set_count"
            }
          ],
          "name": "firstaid:plaster"
        },
        {
          "entryName": "loottweaker#10",
          "weight": 10,
          "quality": 1,
          "type": "item",
          "functions": [
            {
              "count": {
                "min": 1.0,
                "max": 3.0
              },
              "function": "minecraft:set_count"
            }
          ],
          "name": "weapons_of_the_apocalypse:emptycan"
        },
        {
          "entryName": "loottweaker#32",
          "weight": 5,
          "quality": 1,
          "type": "item",
          "functions": [
            {
              "count": 1.0,
              "function": "minecraft:set_count"
            }
          ],
          "name": "minecraft:bow"
        },
        {
          "entryName": "loottweaker#7",
          "weight": 10,
          "quality": 1,
          "type": "item",
          "functions": [
            {
              "count": {
                "min": 1.0,
                "max": 2.0
              },
              "function": "minecraft:set_count"
            }
          ],
          "name": "firstaid:morphine"
        },
        {
          "entryName": "loottweaker#11",
          "weight": 10,
          "quality": 1,
          "type": "item",
          "functions": [
            {
              "count": {
                "min": 1.0,
                "max": 3.0
              },
              "function": "minecraft:set_count"
            }
          ],
          "name": "minecraft:iron_nugget"
        },
        {
          "entryName": "loottweaker#33",
          "weight": 5,
          "quality": 1,
          "type": "item",
          "functions": [
            {
              "count": 1.0,
              "function": "minecraft:set_count"
            }
          ],
          "name": "weapons_of_the_apocalypse:baton"
        },
        {
          "entryName": "loottweaker#6",
          "weight": 10,
          "quality": 1,
          "type": "item",
          "functions": [
            {
              "count": {
                "min": 1.0,
                "max": 2.0
              },
              "function": "minecraft:set_count"
            }
          ],
          "name": "firstaid:bandage"
        },
        {
          "entryName": "loottweaker#12",
          "weight": 10,
          "quality": 1,
          "type": "item",
          "functions": [
            {
              "count": {
                "min": 1.0,
                "max": 3.0
              },
              "function": "minecraft:set_count"
            }
          ],
          "name": "minecraft:gunpowder"
        },
        {
          "entryName": "loottweaker#34",
          "weight": 5,
          "quality": 1,
          "type": "item",
          "functions": [
            {
              "count": 1.0,
              "function": "minecraft:set_count"
            }
          ],
          "name": "weapons_of_the_apocalypse:juicer"
        }
      ],
      "rolls": {
        "min": 0.0,
        "max": 12.0
      }
    }
  ]
}