{
  "pools": [
    {
      "name": "plant",
      "entries": [
        {
          "entryName": "loottweaker#1",
          "weight": 100,
          "quality": 1,
          "type": "item",
          "functions": [
            {
              "count": 1.0,
              "function": "minecraft:set_count"
            }
          ],
          "name": "biomesoplenty:terrarium"
        },
        {
          "entryName": "loottweaker#5",
          "weight": 100,
          "quality": 1,
          "type": "item",
          "functions": [
            {
              "count": 1.0,
              "function": "minecraft:set_count"
            },
            {
              "data": 15.0,
              "function": "minecraft:set_data"
            }
          ],
          "name": "biomesoplenty:terrarium"
        },
        {
          "entryName": "loottweaker#4",
          "weight": 100,
          "quality": 1,
          "type": "item",
          "functions": [
            {
              "count": 1.0,
              "function": "minecraft:set_count"
            },
            {
              "data": 5.0,
              "function": "minecraft:set_data"
            }
          ],
          "name": "biomesoplenty:terrarium"
        },
        {
          "entryName": "loottweaker#3",
          "weight": 100,
          "quality": 1,
          "type": "item",
          "functions": [
            {
              "count": 1.0,
              "function": "minecraft:set_count"
            },
            {
              "data": 2.0,
              "function": "minecraft:set_data"
            }
          ],
          "name": "biomesoplenty:terrarium"
        },
        {
          "entryName": "loottweaker#2",
          "weight": 100,
          "quality": 1,
          "type": "item",
          "functions": [
            {
              "count": 1.0,
              "function": "minecraft:set_count"
            },
            {
              "data": 6.0,
              "function": "minecraft:set_data"
            }
          ],
          "name": "biomesoplenty:terrarium"
        },
        {
          "entryName": "loottweaker#7",
          "weight": 100,
          "quality": 1,
          "type": "item",
          "functions": [
            {
              "count": 1.0,
              "function": "minecraft:set_count"
            },
            {
              "data": 12.0,
              "function": "minecraft:set_data"
            }
          ],
          "name": "biomesoplenty:terrarium"
        },
        {
          "entryName": "loottweaker#6",
          "weight": 100,
          "quality": 1,
          "type": "item",
          "functions": [
            {
              "count": 1.0,
              "function": "minecraft:set_count"
            },
            {
              "data": 13.0,
              "function": "minecraft:set_data"
            }
          ],
          "name": "biomesoplenty:terrarium"
        }
      ],
      "rolls": {
        "min": 0.0,
        "max": 12.0
      }
    }
  ]
}