{
  "pools": [
    {
      "name": "subway",
      "entries": [
        {
          "entryName": "dirt",
          "weight": 20,
          "quality": 1,
          "type": "item",
          "functions": [
            {
              "count": {
                "min": 1.0,
                "max": 10.0
              },
              "function": "minecraft:set_count"
            }
          ],
          "name": "minecraft:dirt"
        }
      ],
      "rolls": {
        "min": 0.0,
        "max": 12.0
      }
    }
  ]
}