{"stat.chestOpened":580,"stat.craftItem.minecraft.leather_leggings":1,"stat.craftItem.rafradek_tf2_weapons.itemtf2":26,"stat.useItem.minecraft.stone":29,"stat.leaveGame":36,"stat.pickup.minecraft.arrow":31,"stat.killEntity.betteranimalsplus.goat":3,"stat.pickup.weapons_of_the_apocalypse.ration":1,"stat.pickup.foodfunk.rotten_food":7,"stat.craftItem.weapons_of_the_apocalypse.juicer":1,"stat.craftItem.minecraft.iron_nugget":77,"stat.jump":1295,"stat.swimOneCm":1000,"stat.drop.minecraft.diamond_sword":1,"stat.crouchOneCm":312,"stat.craftItem.minecraft.chest":1,"stat.craftItem.minecraft.iron_ingot":7,"stat.killEntity.betteranimalsplus.boar":1,"stat.pickup.minecraft.dirt":16,"stat.drop.cgm.bazooka":4,"stat.pickup.weapons_of_the_apocalypse.cannedfood":1,"stat.useItem.minecraft.stone_slab2":47,"stat.pickup.weapons_of_the_apocalypse.mre":1,"stat.drop.minecraft.bed":1,"stat.useItem.minecraft.water_bucket":8,"stat.craftingTableInteraction":63,"stat.useItem.biomesoplenty.gem_block":3,"stat.pickup.weapons_of_the_apocalypse.saltblock":1,"stat.pickup.rafradek_tf2_weapons.token":1,"stat.damageTaken":340,"stat.drop.cgm.assault_rifle":1,"stat.useItem.minecraft.furnace":3,"stat.pickup.weapons_of_the_apocalypse.canneddogfood":1,"stat.flyOneCm":481207,"stat.pickup.minecraft.bed":1,"stat.killEntity.Villager":5,"stat.damageDealt":11,"stat.pickup.weapons_of_the_apocalypse.sardines":1,"stat.sleepInBed":1,"stat.timeSinceDeath":604834,"stat.drop.cgm.chain_gun":1,"stat.killEntity.Cow":1,"stat.useItem.minecraft.crafting_table":4,"stat.drop.minecraft.log":1,"stat.useItem.minecraft.spawn_egg":28,"stat.killEntity.Pig":1,"stat.craftItem.minecraft.leather":17,"stat.pickup.foodfunk.rotted_item":17,"stat.walkOneCm":325506,"stat.useItem.betteranimalsplus.coyotehead_1":1,"stat.useItem.minecraft.chest":28,"stat.craftItem.weapons_of_the_apocalypse.refinedblood":3,"stat.useItem.minecraft.tnt":50,"stat.furnaceInteraction":38,"stat.pickup.cgm.handgun":1,"stat.drop.minecraft.spawn_egg":1,"stat.pickup.minecraft.log":1,"stat.drop.minecraft.bedrock":1,"stat.craftItem.jrftl.prepared_flesh":8,"stat.killEntity.betteranimalsplus.coyote":1,"stat.craftItem.minecraft.stone_slab2":0,"stat.sprintOneCm":119713,"stat.killEntity.betteranimalsplus.pheasant":2,"stat.drop.betteranimalsplus.coyotehead_1":1,"stat.drop.minecraft.lever":2,"stat.craftItem.minecraft.planks":128,"stat.craftItem.minecraft.gold_nugget":36,"stat.craftItem.toughasnails.canteen":1,"stat.mobKills":74,"stat.deaths":1,"stat.drop":23,"stat.craftItem.minecraft.paper":33,"stat.playOneMinute":1277722,"stat.sneakTime":573,"stat.killEntity.Zombie":59,"stat.drop.minecraft.chest":1,"stat.craftItem.minecraft.dye":3,"stat.drop.minecraft.iron_ingot":8,"stat.craftItem.minecraft.slime_ball":3,"stat.pickup.foodfunk.biodegradable_item":6,"stat.pickup.weapons_of_the_apocalypse.stimpack":1,"stat.pickup.minecraft.chest":33}