{"stat.walkOneCm":49576,"stat.pickup.minecraft.bone":1,"stat.leaveGame":3,"stat.pickup.minecraft.leather_chestplate":1,"stat.jump":6,"stat.pickup.rafradek_tf2_weapons.bullet":1,"stat.pickup.animalium.bear_claw":1,"stat.useItem.realistictorches.torch_lit":1,"stat.killEntity.rat":6,"stat.crouchOneCm":98,"stat.useItem.minecraft.stone_slab2":1,"stat.pickup.weapons_of_the_apocalypse.fleshmorph":1,"stat.pickup.minecraft.rotten_flesh":32,"stat.killEntity.wild_dog":12,"stat.killEntity.bear_tamed":1,"stat.useItem.minecraft.iron_sword":3,"stat.damageTaken":330,"stat.killEntity.bear":1,"stat.pickup.animalium.rat_meat":2,"stat.mobKills":37,"stat.pickup.animalium.bear_meat":1,"stat.flyOneCm":80444,"stat.playOneMinute":70343,"stat.killEntity.Sheep":2,"stat.sneakTime":238,"stat.pickup.minecraft.wool":2,"stat.damageDealt":220,"stat.killEntity.Zombie":15,"stat.timeSinceDeath":70343,"stat.useItem.minecraft.spawn_egg":69,"stat.pickup.minecraft.mutton":3}