{"stat.pickup.minecraft.rotten_flesh":5,"stat.useItem.iymts_mob_mod.rniyforcegunlv2":3,"stat.walkOneCm":54798,"stat.leaveGame":1,"stat.pickup.quark.root":2,"stat.pickup.minecraft.leather":2,"stat.damageTaken":798,"stat.killEntity.betteranimalsplus.goat":1,"stat.mobKills":19,"stat.pickup.minecraft.log2":3,"stat.useItem.minecraft.diamond_sword":58,"stat.drop.quark.root_flower":1,"stat.pickup.minecraft.spawn_egg":1,"stat.flyOneCm":60376,"stat.deaths":2,"stat.killEntity.iysuperpregnant":1,"stat.killEntity.iysuperslasher":2,"stat.drop":1,"stat.pickup.minecraft.wheat_seeds":4,"stat.pickup.iymts_mob_mod.rniyslasherclow":1,"stat.jump":55,"stat.swimOneCm":58,"stat.playOneMinute":27428,"stat.fallOneCm":5478,"stat.killEntity.iyswarmer":6,"stat.pickup.quark.root_flower":2,"stat.entityKilledBy.iysuperlurker":1,"stat.pickup.betterwithmods.mystery_meat":2,"stat.sneakTime":172,"stat.pickup.minecraft.glowstone_dust":6,"stat.killEntity.Villager":1,"stat.damageDealt":4103,"stat.crouchOneCm":466,"stat.killEntity.Zombie":4,"stat.killEntity.iysuperinfector":1,"stat.timeSinceDeath":7860,"stat.pickup.minecraft.yellow_flower":1,"stat.pickup.minecraft.dirt":20,"stat.sprintOneCm":49,"stat.killEntity.betteranimalsplus.pheasant":1,"stat.useItem.minecraft.spawn_egg":34,"stat.killEntity.iysuperspitter":2,"stat.useItem.minecraft.stone_slab2":3,"stat.pickup.minecraft.mutton":2,"stat.diveOneCm":880}