{"stat.chestOpened":37,"stat.pickup.minecraft.rotten_flesh":3,"stat.pickup.techguns.itemshared":7,"stat.pickup.techguns.stielgranate":1,"stat.walkOneCm":9081,"stat.pickup.techguns.revolver":1,"stat.useItem.minecraft.chest":5,"stat.pickup.techguns.m4":1,"stat.pickup.techguns.pistol":1,"stat.pickup.techguns.sawedoff":1,"stat.useItem.adminshop.shop":1,"stat.pickup.techguns.chainsaw":1,"stat.pickup.techguns.thompson":1,"stat.pickup.techguns.vector":1,"stat.flyOneCm":2200,"stat.jump":8,"stat.pickup.techguns.combatshotgun":1,"stat.pickup.techguns.goldenrevolver":1,"stat.playOneMinute":77097,"stat.pickup.techguns.ak47":1,"stat.sneakTime":42,"stat.pickup.techguns.fraggrenade":1,"stat.crouchOneCm":68,"stat.pickup.techguns.boltaction":1,"stat.timeSinceDeath":77097,"stat.pickup.minecraft.dirt":23,"stat.useItem.minecraft.stone_slab2":3,"stat.pickup.techguns.mac10":1}